{
  "categories": [
    {
      "id": "a8b577aa-5670-4f89-9494-e705a279ce4a",
      "name": "Shortcuts",
      "shortcuts": [
        {
          "acceptCookies": false,
          "followRedirects": false,
          "iconName": "custom-icon_x1648055009280.png",
          "id": "7d0e4af7-7917-430f-8e09-2277abb5531b",
          "method": "POST",
          "name": "PiBot Code",
          "parameters": [
            {
              "id": "a7c5848b-2304-4ec3-bf18-2669d50f9792",
              "key": "code",
              "value": "{{5ca9697c-8569-4afb-b345-67dfb1654522}}"
            }
          ],
          "requestBodyType": "form_data",
          "responseHandling": {
            "uiType": "toast"
          },
          "url": "{{e14e9435-9f3e-44ea-a5d6-c13d7230564b}}"
        }
      ]
    }
  ],
  "variables": [
    {
      "id": "e14e9435-9f3e-44ea-a5d6-c13d7230564b",
      "key": "ngrok",
      "title": "Ngrok URL",
      "type": "text",
      "value": "https://47c3-122-176-0-204.ngrok.io"
    },
    {
      "id": "5ca9697c-8569-4afb-b345-67dfb1654522",
      "key": "code",
      "title": "TG Code",
      "type": "number"
    }
  ],
  "version": 48
}